Product;Merk;EAN;Verkoopprijs (€);Doelgroep;Collecties;Shopify-ID;Handle;Luxus beschikbaar? (invullen);Luxus inkoop (invullen)
Lattafa Angham Second Song EDP 100ml;Lattafa;6290362345671;29.99;Dames;Dames Parfum;16451604447581;lattafa-angham-second-song-eau-de-parfum-100-ml;;
Lattafa Eclaire Banoffi EDP 100ml;Lattafa;6290362349112;34.95;Dames;Dames Parfum, Speciale Editie!;16450904621405;lattafa-eclaire-banoffi-eau-de-parfum-100-ml;;
Lattafa Habik For Women EDP 100ml;Lattafa;6290360599489;29.95;Dames;Dames Parfum;16489699934557;lattafahabik-for-women-100-ml-eau-de-parfum;;
Lattafa Haya All Over Spray 150ml;Lattafa;6290362345077;19.99;Dames;Dames Parfum, Speciale Editie!, Sprays;16451604382045;lattafa-haya-all-over-bodyspray-150-ml;;
Lattafa Mayar Natural Intense EDP 100ml;Lattafa;6290360598970;28.95;Dames;Dames Parfum, Zomer Collectie Dames;16498843418973;lattafa-parfum-mayar-natural-intense-eau-de-parfum-100ml;;
Lattafa Sehr EDP 100ml;Lattafa;6290360599090;39.95;Dames;Dames Parfum, Best Sellers, Winter Collectie Dames, TikTok Favorieten;16490841309533;lattafasehr-edp-100ml;;
Lattafa Teriaq EDP 100ml;Lattafa;6290360595764;32.95;Dames;Dames Parfum, Best Sellers;16444535112029;lattafateriaq-edp-100ml;;
Lattafa Teriaq Giftset;Lattafa;6290362349266;44.95;Dames;Dames Parfum, Giftset;16498845909341;lattafa-yara-candy-gift-set-copy;;
Lattafa The Kingdom for Women EDP 100ml;Lattafa;6290360598352;31.95;Dames;Dames Parfum, Best Sellers, Winter Collectie Dames;16444534489437;lattafathe-kingdom-for-women-edp-100ml;;
Lattafa Yara Candy EDP 100ml;Lattafa;6290360599168;29.95;Dames;Dames Parfum, Zomer Collectie Dames;16498843484509;lattafa-parfum-yara-candy-eau-de-parfum-100ml;;
Lattafa Yara EDP 100ml;Lattafa;6291108730515;29.99;Dames;Dames Parfum, Best Sellers;16444534030685;lattafayara-edp-100ml;;
Lattafa Yara Moi EDP 100ml;Lattafa;6290360591421;28.95;Dames;Dames Parfum, Winter Collectie Dames;16498841944413;lattafa-perfume-yara-moi-eau-de-parfum-100ml;;
Lattafa Yara Tous All Over Spray 150ml;Lattafa;6290362345121;22.95;Dames;Dames Parfum, Zomer Collectie Dames, Sprays;16498843091293;lattafa-yara-tous-all-over-spray-150-ml;;
Lattafa Yara Tous EDP 100ml;Lattafa;6290360594552;29.95;Dames;Dames Parfum, TikTok Favorieten;16490841375069;lattafayara-tous-edp-100ml;;
Maison Alhambra Athena EDP 100ml;Maison Alhambra;6290360599243;24.95;Dames;Dames Parfum, Winter Collectie Dames;16498845876573;maison-alhambra-parfum-athena-eau-de-parfum-100ml;;
Maison Alhambra Como Moiselle EDP 30ml;Maison Alhambra;53044245102919;14.95;Dames;Dames Parfum;16451605070173;maison-alhambracomo-moiselle-eau-de-parfum-30-ml;;
Maison Alhambra Pink Velvet EDP 80ml;Maison Alhambra;6291108735749;27.95;Dames;Dames Parfum;16451604054365;maison-alhambrapink-velvet-rose-petals-edp-80-ml-xl;;
Maison Alhambra Sensual Vanilla EDP 80ml;Maison Alhambra;6290362340324;26.95;Dames;Dames Parfum, Winter Collectie Dames;16498841911645;maison-alhambra-sensual-vanilla-eau-de-parfum-80ml;;
Maison Alhambra Coral Blush EDP 80ml;Maison Alhambra;6291108735787;28.95;Dames;Dames Parfum, TikTok Favorieten;16498841780573;maison-alhambra-perfume-bright-peach-eau-de-parfum-80-ml;;
Lattafa Ana Abiyedh Rouge All Over Spray 150ml;Lattafa;53044246446407;19.99;Unisex/gemengd;;16444534554973;lattafaall-over-ana-abiyedh-rouge-150-ml;;
Lattafa Ana Abiyedh Coral EDP 60ml;Lattafa;6290362341826;23.99;Unisex/gemengd;Dames Parfum, Unisex, TikTok Favorieten;16444535013725;lattafaana-abiyedh-coral-edp-60-ml;;
Lattafa Ana Abiyedh EDP 60ml;Lattafa;6291106066890;24.95;Unisex/gemengd;Unisex, Best Sellers, Heren parfum, TikTok Favorieten;16444534260061;lattafaana-abiyedh-edp-60ml;;
Lattafa Ana Abiyedh Scarlet EDP 60ml;Lattafa;6290362349938;19.99;Unisex/gemengd;Dames Parfum, Unisex;16450912059741;lattafaana-abiyedh-scarlet-eau-de-parfum-60-ml;;
Lattafa Angham EDP 100ml;Lattafa;6290360598338;31.95;Unisex/gemengd;Unisex, Winter Collectie Heren, Winter Collectie Dames;16498842141021;lattafa-angham-eau-de-parfum-100ml;;
Lattafa Asad Bourbon EDP 100ml;Lattafa;6290362340362;29.95;Unisex/gemengd;Unisex, Winter Collectie Heren, Winter Collectie Dames;16498843058525;lattafa-asad-bourbon-eau-de-parfum-100ml;;
Lattafa Badee Al Oud Honor & Glory EDP 100ml;Lattafa;6290360593135;29.95;Unisex/gemengd;Unisex, Winter Collectie Heren, Winter Collectie Dames;16498846007645;lattafa-parfum-badee-al-oud-honor-glory-eau-de-perfume-100ml;;
Lattafa Badee Al Oud Sublime EDP 100ml;Lattafa;6290360593142;29.95;Unisex/gemengd;Dames Parfum, Unisex, Heren parfum;16490324689245;lattafabadee-al-oud-sublime-edp-100-ml;;
Lattafa Choco Overdose Give Me Gourmand EDP 75ml;Lattafa;6290362349679;37.95;Unisex/gemengd;Unisex, Winter Collectie Heren, Winter Collectie Dames, Bundel: Gourmand Collection;16498843582813;lattafa-choco-overdose-give-me-gourmand-eau-de-parfum-75ml;;
Lattafa Cookie Crave Give Me Gourmand EDP 75ml;Lattafa;6290362349662;37.95;Unisex/gemengd;Unisex, Winter Collectie Heren, Winter Collectie Dames, Bundel: Gourmand Collection;16498842337629;lattafa-cookie-crave-give-me-gourmand-eau-de-parfum-75-ml;;
Lattafa Dynasty EDP 100ml;Lattafa;6290360598857;32.95;Unisex/gemengd;Unisex, Winter Collectie Heren, Winter Collectie Dames;16498845778269;lattafa-dynasty-eau-de-parfum-100ml;;
Lattafa Khamrah Dukhan EDP 100ml;Lattafa;6290362342373;34.95;Unisex/gemengd;Unisex, Winter Collectie Heren, Winter Collectie Dames, TikTok Favorieten;16490841473373;lattafakhamrah-dukhan-edp-100ml;;
Lattafa Khamrah EDP 100ml;Lattafa;6291108737194;32.95;Unisex/gemengd;Unisex, Winter Collectie Heren, Winter Collectie Dames;16444534128989;lattafakhamrah-edp-100ml;;
Lattafa Khamrah Qahwa EDP 100ml;Lattafa;6290360593661;34.95;Unisex/gemengd;Unisex, Winter Collectie Heren, Winter Collectie Dames;16490841342301;lattafakhamrah-qahwa-edp-100ml;;
Lattafa Khashabi EDP 100ml;Lattafa;6291107450780;24.95;Unisex/gemengd;Unisex;16444534063453;lattafakhashabi-edp-100ml;;
Lattafa Mayar Natural Intense All Over Spray 150ml;Lattafa;629036345091;20.95;Unisex/gemengd;Sprays;16498841649501;lattafa-mayar-matural-intense-all-over-bodyspray-150-ml;;
Lattafa Pride Embrace EDP 100ml;Lattafa Pride;6290360592794;31.95;Unisex/gemengd;;16498841682269;lattafa-pride-parfum-embrace-eau-de-parfum-100ml;;
Lattafa Pride Eternal Vanille EDP 100ml;Lattafa Pride;6290362349334;34.95;Unisex/gemengd;Unisex, Winter Collectie Heren, Winter Collectie Dames;16498841747805;lattafa-pride-eternal-vanille-eau-de-parfum-100-ml;;
Lattafa Pride Nebras Elixir EDP 100ml;Lattafa Pride;6290362348054;34.95;Unisex/gemengd;Unisex;16451604939101;lattafa-pridenebras-elixir-eau-de-parfum-100-ml;;
Lattafa Pride La Collection D'Antiquites 1505 Watch EDP 100ml;Lattafa Pride;6290360591995;38.95;Unisex/gemengd;;16498841616733;lattafa-pride-parfum-la-collection-dantiquites-1505-watch-eau-de-parfum-100ml;;
Maison Alhambra Incense Ebony EDP 80ml;Maison Alhambra;6290360599199;28.95;Unisex/gemengd;Unisex, Winter Collectie Heren, Winter Collectie Dames;16498845811037;maison-alhambra-parfum-incese-ebony-eau-de-parfum-80ml-xl;;
Maison Alhambra Your Touch Oud EDP 100ml;Maison Alhambra;6290362341000;22.95;Unisex/gemengd;Unisex;16450910683485;maison-alhambrayour-touch-oud-edp-100ml;;
Lattafa Asad Edition EDP 100ml;Lattafa;6291108735411;29.99;Heren;Best Sellers, Winter Collectie Heren, Heren parfum, TikTok Favorieten;16444534358365;lattafaasad-edition-edp-100-ml;;
Lattafa Fakhar Homme EDP 100ml;Lattafa;6291107456058;27.95;Heren;Best Sellers, Heren parfum;16477480419677;lattafafakhar-homme-edp-100ml;;
Lattafa Fire on Ice EDP 110ml;Lattafa;6290360598901;39.95;Heren;"Best Sellers, Winter Collectie Heren, Heren parfum, TikTok Favorieten, Bundel: Day &amp; Night";16490841833821;lattafafire-on-ice-eau-de-parfum-110ml;;
Lattafa Habik For Men EDP 100ml;Lattafa;6290360598864;29.99;Heren;Heren parfum;16450907832669;lattafahabik-for-men-100-ml-eau-de-parfum;;
Lattafa King of Arabia EDP 100ml;Lattafa;6290362346104;39.99;Heren;Winter Collectie Heren, Heren parfum;16490324754781;lattafaking-of-arabia-eau-de-parfum-100-ml;;
Lattafa Maahir Legacy EDP 100ml;Lattafa;6290360590189;29.99;Heren;"Heren parfum, Bundel: Day &amp; Night";16444534194525;lattafamaahir-legacy-edp-100ml;;
Lattafa Ramz Silver EDP 100ml;Lattafa;6291106066722;24.95;Heren;Heren parfum;16444534325597;lattafaramz-silver-edp-100ml;;
Lattafa Pride Art Of Nature II EDP 100ml;Lattafa Pride;6290360592015;34.95;Heren;Best Sellers, Winter Collectie Heren, Heren parfum;16444534718813;lattafa-prideart-of-nature-ii-edp-100ml;;
Lattafa Pride Art Of Universe EDP 100ml;Lattafa Pride;6290360592206;37.95;Heren;Heren parfum;16444534653277;lattafa-prideart-of-universe-edp-100ml;;
Lattafa Pride Eternal Oud EDP 100ml;Lattafa Pride;6291108738115;34.95;Heren;Best Sellers, Winter Collectie Heren, Heren parfum;16444535406941;lattafa-prideeternal-oud-edp-100ml;;
Lattafa Pride La Collection D'Antiquites 1886Car EDP 100ml;Lattafa Pride;6290360592046;38.95;Heren;Winter Collectie Heren, Heren parfum, Speciale Editie!;16490840719709;lattafa-pridela-collection-dantiquites-1886car-edp-100ml;;
Maison Alhambra Alpine Homme Sport EDP 30ml;Maison Alhambra;6290360596532;14.95;Heren;Heren parfum;16451604349277;maison-alhambraalpine-homme-sport-edp-30ml;;
Maison Alhambra Eternal Touch EDP 80ml;Maison Alhambra;6291108735770;22.95;Heren;Winter Collectie Heren, Heren parfum;16450907013469;maison-alhambraeternal-touch-edp-80-ml-xl;;
Maison Alhambra Your Touch Amber EDP 100ml;Maison Alhambra;6290362340973;22.50;Heren;Heren parfum;16444535308637;maison-alhambrayour-touch-amber-edp-100ml;;
Maison Alhambra Your Touch Leather EDP 100ml;Maison Alhambra;6290362340997;27.95;Heren;Winter Collectie Heren, Heren parfum;16490324722013;maison-alhambra-your-touch-leather-eau-de-parfum-100-ml;;
Maison Alhambra Your Touch Tabacco EDP 100ml;Maison Alhambra;6290362341017;22.50;Heren;Winter Collectie Heren, Heren parfum;16444536979805;maison-alhambrayour-touch-tabacco-edp-100ml;;
